timestamp,level,service,message
2026-01-28T18:38:58.146376,INFO,search,User login
2026-01-28T18:38:58.347220,INFO,orders,Request OK
2026-01-28T18:38:58.547826,INFO,search,Request OK
2026-01-28T18:38:58.748614,INFO,orders,Cache hit
2026-01-28T18:38:58.949940,WARN,payment,Request OK
2026-01-28T18:38:59.151432,INFO,orders,User login
2026-01-28T18:38:59.352675,WARN,orders,Cache hit
2026-01-28T18:38:59.553646,WARN,orders,Cache hit
2026-01-28T18:38:59.754566,INFO,search,Cache hit
2026-01-28T18:38:59.955181,INFO,auth,Cache hit
2026-01-28T18:39:00.156049,ERROR,payment,DB failure
2026-01-28T18:39:00.357096,INFO,payment,Cache hit
2026-01-28T18:39:00.560658,INFO,orders,User login
2026-01-28T18:39:00.761532,INFO,payment,Request OK
2026-01-28T18:39:00.962681,INFO,orders,Request OK
2026-01-28T18:39:01.163774,INFO,auth,Cache hit
2026-01-28T18:39:01.364701,WARN,auth,Cache hit
2026-01-28T18:39:01.565641,INFO,auth,Cache hit
2026-01-28T18:39:01.767120,INFO,auth,Cache hit
2026-01-28T18:39:01.967909,INFO,payment,Cache hit
2026-01-28T18:39:02.168996,INFO,auth,Cache hit
2026-01-28T18:39:02.369896,INFO,auth,Cache hit
2026-01-28T18:39:02.570871,INFO,orders,User login
2026-01-28T18:39:02.772164,INFO,orders,Cache hit
2026-01-28T18:39:02.973269,INFO,orders,User login
2026-01-28T18:39:03.174445,INFO,search,User login
2026-01-28T18:39:03.375393,INFO,search,User login
2026-01-28T18:39:03.576268,INFO,payment,User login
2026-01-28T18:39:03.777984,INFO,auth,User login
2026-01-28T18:39:03.978991,INFO,orders,Cache hit
2026-01-28T18:39:04.179611,INFO,search,User login
2026-01-28T18:39:04.380694,INFO,orders,User login
2026-01-28T18:39:04.581815,INFO,search,User login
2026-01-28T18:39:04.783184,INFO,search,Request OK
2026-01-28T18:39:04.984361,INFO,orders,User login
2026-01-28T18:39:05.185217,INFO,auth,Cache hit
2026-01-28T18:39:05.386150,INFO,payment,Request OK
2026-01-28T18:39:05.586893,INFO,auth,Request OK
2026-01-28T18:39:05.787929,INFO,search,Request OK
2026-01-28T18:39:05.988847,INFO,payment,Request OK
2026-01-28T18:39:06.190058,WARN,auth,Cache hit
2026-01-28T18:39:06.391022,INFO,payment,Cache hit
2026-01-28T18:39:06.591780,INFO,search,Request OK
2026-01-28T18:39:06.792562,INFO,search,Cache hit
2026-01-28T18:39:06.993754,INFO,search,User login
2026-01-28T18:39:07.195095,INFO,auth,User login
2026-01-28T18:39:07.396482,INFO,auth,Cache hit
2026-01-28T18:39:07.597656,INFO,payment,Cache hit
2026-01-28T18:39:07.799242,INFO,payment,Cache hit
2026-01-28T18:39:08.000258,INFO,payment,Request OK
2026-01-28T18:39:08.201293,INFO,search,Cache hit
2026-01-28T18:39:08.402145,WARN,payment,User login
2026-01-28T18:39:08.603608,ERROR,auth,DB failure
2026-01-28T18:39:08.804580,WARN,search,User login
2026-01-28T18:39:09.005550,INFO,payment,Cache hit
2026-01-28T18:39:09.206792,INFO,orders,Request OK
2026-01-28T18:39:09.408167,INFO,auth,Cache hit
2026-01-28T18:39:09.608842,INFO,payment,Request OK
2026-01-28T18:39:09.809802,INFO,payment,Cache hit
2026-01-28T18:39:10.010533,INFO,orders,Request OK
2026-01-28T18:39:10.211637,ERROR,orders,Timeout
2026-01-28T18:39:10.412913,INFO,auth,Cache hit
2026-01-28T18:39:10.614037,WARN,search,Cache hit
2026-01-28T18:39:10.814766,WARN,auth,User login
2026-01-28T18:39:11.015993,INFO,search,Cache hit
2026-01-28T18:39:11.216837,INFO,payment,Request OK
2026-01-28T18:39:11.417903,INFO,auth,User login
2026-01-28T18:39:11.619318,INFO,orders,User login
2026-01-28T18:39:11.821713,INFO,auth,Request OK
2026-01-28T18:39:12.023099,INFO,auth,Cache hit
